ProductCategoryCode,Week4_Sales,MBO_Item_Count,Base_Weekly_Sales,Sales_Variance_Pct
Nutritionals & Feeding/Feeding Tubes/Gastric Sump Tubes                                                                                                                                                                                                        ,4579.0,5,98.75,45.369620253164555
UNKNOWN,11483350.0,81,278331.71428571426,40.25778490413803
Nutritionals & Feeding/Nutritional Supplements/Oral Supplements                                                                                                                                                                                                ,584518.0,21,28964.583333333332,19.180438754225705
OR & Surgery Supplies/Anesthesia Systems & Supplies/General Anesthesia/Endotracheal Tubes                                                                                                                                                                      ,98888.0,30,5370.410256410257,17.41349082818483
Nutritionals & Feeding/Tube Feeding Formulas                                                                                                                                                                                                                   ,329269.0,14,21745.14814814815,14.142182419577631
Wound Care/Wound Closure/Sutures/Suture Accessories                                                                                                                                                                                                            ,1914.0,7,126.57142857142857,14.121896162528216
OR & Surgery Supplies/Sterile Procedure Packs/Dental Packs                                                                                                                                                                                                     ,3000.0,3,200.0,14.0
Nutritionals & Feeding/Feeding Tubes/Accessories/Feeding Syringes                                                                                                                                                                                              ,167877.0,7,11494.785714285714,13.604621971452897
Respiratory/Tracheostomy/Tracheal Airways                                                                                                                                                                                                                      ,1221.0,7,84.73913043478261,13.4089276552078
Needles & Syringes/Syringes/Syringes with Needle                                                                                                                                                                                                               ,3233404.0,13,226529.66666666666,13.273644805904746
Pharmacy/Prescription Drugs/Anesthetics                                                                                                                                                                                                                        ,5985.0,21,423.4074074074074,13.135321903428974
Exam & Diagnostic Supplies/Defibrillation/Pads and Electrodes                                                                                                                                                                                                  ,7331.0,10,529.2413793103449,12.851902528016678
Clinical Lab Supplies/Blood Collection/Blood Collection Sets                                                                                                                                                                                                   ,658897.0,14,48295.642857142855,12.642990568507363
Pharmacy/Prescription Drugs/Corticosteroids                                                                                                                                                                                                                    ,19618.0,21,1453.3870967741937,12.4981245144823
Needles & Syringes/Needles/Hypodermic Needles                                                                                                                                                                                                                  ,971269.0,15,74549.24137931035,12.028556455164093
Surgical Instruments & Sterilization/Sterilization Supplies/Accessories/Accessories                                                                                                                                                                            ,3300.0,3,262.5,11.571428571428571
Wound Care/Bandages/Self-Adherent Bandages                                                                                                                                                                                                                     ,238891.0,13,19815.217391304348,11.055936368623149
Wound Care/Gauze/Impregnated Gauze                                                                                                                                                                                                                             ,48349.0,10,4147.916666666667,10.656212958312405
IV Therapy/IV Catheters                                                                                                                                                                                                                                        ,147493.0,10,13160.652173913044,10.207119377591303
OR & Surgery Supplies/Temperature Management                                                                                                                                                                                                                   ,95090.0,12,8956.695652173914,9.616638511873553
Exam & Diagnostic Supplies/Vital Signs Monitoring/Oximetry/Probes                                                                                                                                                                                              ,227569.0,8,21561.823529411766,9.55425575158709
Exam & Diagnostic Supplies/General Exam Supplies/Applicators & Swabs                                                                                                                                                                                           ,38371.0,10,4076.1666666666665,8.413501247086725
IV Therapy/IV Sets/Primary Sets                                                                                                                                                                                                                                ,710440.0,6,77556.94117647059,8.160237487750935
OR & Surgery Supplies/Masks & Eyewear/Face Masks                                                                                                                                                                                                               ,4379490.0,10,480683.1666666667,8.110970185142744
IV Therapy/IV Sets/Extension Sets                                                                                                                                                                                                                              ,210279.0,12,23137.38888888889,8.088277031164084
Nursing Supplies & Patient Care/Hygiene/Skin Care/Hand Sanitizers                                                                                                                                                                                              ,24039.0,7,2712.8888888888887,7.86103374836173
Urology/Catheters/Foley Catheters                                                                                                                                                                                                                              ,4115.0,18,477.05263157894734,7.625882612533098
Needles & Syringes/Needles/Epidural Needles                                                                                                                                                                                                                    ,670.0,4,79.375,7.440944881889764
Exam & Diagnostic Supplies/Vital Signs Monitoring/Oximetry/Accessories                                                                                                                                                                                         ,31301.0,4,4177.25,6.4932072535759175
"Wound Care/Wound Closure/Sutures/Absorbable, Needled                                                                                                                                                                                                           ",3192.0,8,432.0,6.388888888888889
Wound Care/Dressings/Gel Dressings/Gel                                                                                                                                                                                                                         ,401.0,2,57.0,6.035087719298246
IV Therapy/IV Accessories                                                                                                                                                                                                                                      ,1240132.0,12,183170.0588235294,5.770385989747233
Needles & Syringes/Sharps Containers/Sharps Containers                                                                                                                                                                                                         ,10534.0,5,1566.9166666666667,5.722757006860608
Needles & Syringes/Needles/Huber Needles                                                                                                                                                                                                                       ,59478.0,5,8913.916666666666,5.672487776604
Nursing Supplies & Patient Care/Dialysis                                                                                                                                                                                                                       ,34309.0,6,5249.214285714285,5.536025799779559
"Wound Care/Wound Closure/Sutures/Non-absorbable, Needled                                                                                                                                                                                                       ",5640.0,7,880.8,5.4032697547683926
"Clinical Lab Supplies/Blood Collection/Blood Collection Tubes/Plastic, Non-Gel                                                                                                                                                                                 ",57400.0,3,8995.833333333334,5.38073182028717
Needles & Syringes/Syringes/Syringes without Needle                                                                                                                                                                                                            ,115525.0,2,18493.88888888889,5.246658055213433
Exam & Diagnostic Supplies/Vital Signs Monitoring/EKG/ECG/Electrodes                                                                                                                                                                                           ,3330307.0,8,533302.5625,5.244685914105279
Nursing Supplies & Patient Care/Bedside Care/Specimen Collection/Specimen Containers                                                                                                                                                                           ,6940.0,2,1129.0,5.147032772364924
OR & Surgery Supplies/Anesthesia Systems & Supplies/Diagnostic Trays/Lumbar Puncture Trays                                                                                                                                                                     ,1210.0,7,205.33333333333334,4.892857142857142
Surgical Instruments & Sterilization/Surgical Instruments/Punches/Biopsy Punches                                                                                                                                                                               ,1943.0,4,332.3076923076923,4.846990740740741
Wound Care/Casts/Casting Material                                                                                                                                                                                                                              ,1082.0,4,188.0909090909091,4.752537457709038
Nutritionals & Feeding/Infant Formula & Supplies/Formula                                                                                                                                                                                                       ,133403.0,5,23879.363636363636,4.586539157050782
Respiratory/Suction/Suction Catheters/Open Suction Catheters                                                                                                                                                                                                   ,2644.0,6,475.1,4.565144180172595
Housekeeping/Chemicals/Disinfectants/Quaternary                                                                                                                                                                                                                ,8848.0,2,1606.2857142857142,4.508360014229812
IV Therapy/IV Sets/Blood Sets                                                                                                                                                                                                                                  ,18325.0,6,3375.7,4.4285037177474305
Office Supplies/Office Supplies/Batteries & Electrical Supplies                                                                                                                                                                                                ,526405.0,6,97403.54545454546,4.404372064111909
Surgical Instruments & Sterilization/Sterilization Supplies/Indicators & Test Packs/Chemical Indicators                                                                                                                                                        ,3322218.0,4,615321.0,4.399162388411902
Nursing Supplies & Patient Care/Hygiene/Skin Care/Soaps                                                                                                                                                                                                        ,5725.0,6,1074.7777777777778,4.326682518350046
Pharmacy/Prescription Drugs/Antibiotics                                                                                                                                                                                                                        ,779.0,12,148.21052631578948,4.256036931818182
Wound Care/Casts/Undercast Padding                                                                                                                                                                                                                             ,2162.0,6,438.0833333333333,3.935134106905079
Apparel/Staff Apparel/Scrubwear/Scrub Pants/Unisex Scrub Pants                                                                                                                                                                                                 ,7496.0,2,1542.2,3.860588769290624
Pharmacy/Prescription Drugs/Radiographic Medications                                                                                                                                                                                                           ,918.0,8,189.5,3.8443271767810026
Wound Care/Dressings/Transparent Film                                                                                                                                                                                                                          ,45246.0,3,9393.25,3.8168631730231817
OR & Surgery Supplies/OR Basics/Fluid Management/Canisters                                                                                                                                                                                                     ,2886.0,2,601.6666666666666,3.796675900277009
OR & Surgery Supplies/Drapes/Equipment Drapes                                                                                                                                                                                                                  ,23154.0,5,4885.25,3.739573205056036
Needles & Syringes/Syringes/Hypodermic Syringes                                                                                                                                                                                                                ,1500.0,2,325.0,3.6153846153846154
Wound Care/Advanced Wound Care/AWC Skin Protectants                                                                                                                                                                                                            ,374605.0,4,82362.9,3.5482249896494658
Exam & Diagnostic Supplies/Vital Signs Monitoring/Fetal Monitoring                                                                                                                                                                                             ,23300.0,3,5146.25,3.527568617925674
Nursing Supplies & Patient Care/Hygiene/Skin Care/Skin Protectants/Ointments                                                                                                                                                                                   ,2160.0,1,480.0,3.5
OR & Surgery Supplies/OR Basics/Skin Staplers                                                                                                                                                                                                                  ,7695.0,3,1710.25,3.499342201432539
Urology/Catheters/Intermittent Catheters                                                                                                                                                                                                                       ,20217.0,3,4724.222222222223,3.279434592407921
OR & Surgery Supplies/OR Basics/Skin Scrub                                                                                                                                                                                                                     ,319143.0,5,75907.92307692308,3.204343724127308
OR & Surgery Supplies/Drapes/Surgical Drapes/Sterile Procedure Drapes/Incise Drapes                                                                                                                                                                            ,33436.0,4,8162.0,3.096544964469493
OR & Surgery Supplies/Anesthesia Systems & Supplies/Monitored Anesthesia Care                                                                                                                                                                                  ,3246.0,1,797.0,3.0727728983688833
Exam & Diagnostic Supplies/Paper Products/Sterile Exam Drapes                                                                                                                                                                                                  ,27216.0,3,6868.285714285715,2.9625608386372146
Wound Care/Dressings/Non-adherent Dressings                                                                                                                                                                                                                    ,130842.0,5,33139.4,2.9482308068341614
OR & Surgery Supplies/Surgical Object Detection/X-ray Detectable                                                                                                                                                                                               ,57900.0,3,14784.0,2.916396103896104
Exam & Diagnostic Supplies/Vital Signs Monitoring/Recording Paper                                                                                                                                                                                              ,1293.0,2,334.5,2.8654708520179373
IV Therapy/IV Flush Syringes/Heparin                                                                                                                                                                                                                           ,229409.0,3,59462.875,2.8580206557452863
Exam & Diagnostic Supplies/Vital Signs Monitoring/Thermometry/Thermometers                                                                                                                                                                                     ,745.0,2,197.125,2.779327837666455
Surgical Instruments & Sterilization/Sterilization Supplies/Chemicals/Detergents                                                                                                                                                                               ,881.0,2,234.25,2.76093916755603
Exam & Diagnostic Supplies/Vital Signs Monitoring/Stethoscopes/Stethoscopes                                                                                                                                                                                    ,2964.0,2,847.3333333333334,2.498033044846577
Wound Care/Dressings/Composite Dressings                                                                                                                                                                                                                       ,4074.0,3,1165.142857142857,2.4965669445806773
Respiratory/Tracheostomy/Care Kits                                                                                                                                                                                                                             ,4285.0,4,1228.75,2.4872838250254325
Wound Care/Advanced Wound Care/Wound Contact Layer                                                                                                                                                                                                             ,4455.0,2,1281.3333333333333,2.4768470343392304
"Clinical Lab Supplies/Blood Collection/Blood Collection Tubes/Plastic, Gel                                                                                                                                                                                     ",1085946.0,3,314356.875,2.454500557686228
OR & Surgery Supplies/Sterile Procedure Packs/Central Line Packs                                                                                                                                                                                               ,884.0,3,256.75,2.4430379746835444
Pharmacy/Prescription Drugs/Antihistamines                                                                                                                                                                                                                     ,1125.0,4,329.1666666666667,2.4177215189873413
Gloves/Surgical Gloves/Sterile LF Polyisoprene Surgical Gloves                                                                                                                                                                                                 ,151138.0,3,44535.857142857145,2.393625040497063
OR & Surgery Supplies/Cath Lab/Cardiac Catheters                                                                                                                                                                                                               ,526.0,3,155.2,2.389175257731959
Surgical Instruments & Sterilization/Sterilization Supplies/Indicators & Test Packs/Indicator Accessories                                                                                                                                                      ,141760.0,4,42827.333333333336,2.3100356470167025
Surgical Instruments & Sterilization/Sterilization Supplies/Chemicals/Presoak                                                                                                                                                                                  ,1336.0,2,410.1666666666667,2.257212515237708
Wound Care/Advanced Wound Care/Super-Absorbent Foam Dressings                                                                                                                                                                                                  ,2319.0,3,721.1666666666666,2.2156228333718513
Surgical Instruments & Sterilization/Sterilization Supplies/Sterilization Wraps                                                                                                                                                                                ,85776.0,4,26931.0,2.185028405926256
Pharmacy/Prescription Drugs/Anticoagulants                                                                                                                                                                                                                     ,1392.0,2,437.75,2.1798972015990863
Respiratory/Tracheostomy/Solutions                                                                                                                                                                                                                             ,57184.0,1,18174.5,2.146386420534265
Apparel/Staff Apparel/Gowns/Isolation Gowns                                                                                                                                                                                                                    ,113950.0,3,36386.0,2.131699005111856
Nutritionals & Feeding/Pediatric Formulas                                                                                                                                                                                                                      ,20910.0,5,6786.375,2.081173675194784
Apparel/Staff Apparel/Scrubwear/Scrub Jackets                                                                                                                                                                                                                  ,219.0,1,73.5,1.9795918367346939
Pharmacy/Over the Counter Medication/Ophthalmic Medications                                                                                                                                                                                                    ,13261.0,2,4463.0,1.9713197400851445
Surgical Instruments & Sterilization/Sterilization Supplies/Indicators & Test Packs/Biological Indicators                                                                                                                                                      ,47750.0,2,16330.833333333334,1.923916926060111
Exam & Diagnostic Supplies/General Exam Supplies/Tongue Depressors                                                                                                                                                                                             ,4300.0,3,1491.6666666666667,1.8826815642458097
Pharmacy/Prescription Drugs/Cardiac Medications                                                                                                                                                                                                                ,161.0,7,56.25,1.8622222222222222
Pharmacy/Prescription Drugs/Miscellaneous                                                                                                                                                                                                                      ,368.0,6,128.77777777777777,1.8576358930112167
OR & Surgery Supplies/Anesthesia Systems & Supplies/Pain Management/Single Shot Epidural Trays                                                                                                                                                                 ,1831.0,2,643.5714285714286,1.8450610432852388
Wound Care/Advanced Wound Care/Wound Cleansers                                                                                                                                                                                                                 ,25279.0,3,9051.2,1.792889340639915
Surgical Instruments & Sterilization/Surgical Instruments/Ligation                                                                                                                                                                                             ,4181.0,2,1536.75,1.7206767528875875
Nursing Supplies & Patient Care/Hygiene/Skin Care/Skin Prep Pads                                                                                                                                                                                               ,10468.0,1,3896.5,1.6865135377903246
Respiratory/Suction/Accessories                                                                                                                                                                                                                                ,1405.0,3,533.6666666666666,1.6327295440349783
Pharmacy/Prescription Drugs/Anti-Inflammatories                                                                                                                                                                                                                ,13000.0,5,4950.428571428572,1.6260352639021152
Incontinence/Diapers/Baby & Youth Disposable Diapers                                                                                                                                                                                                           ,129839.0,3,49876.0,1.6032360253428504
Exam & Diagnostic Supplies/Vital Signs Monitoring/Blood Pressure/Inflation Systems                                                                                                                                                                             ,318244.0,4,122876.6,1.589947964054995
Urology/Securement Devices                                                                                                                                                                                                                                     ,15413.0,3,5961.333333333333,1.5854954148959968
Exam & Diagnostic Supplies/Endoscopic Devices/Eye and Ear/Specula/Specula                                                                                                                                                                                      ,35025.0,2,13550.0,1.584870848708487
Clinical Lab Supplies/Blood Collection/Tube Holders                                                                                                                                                                                                            ,55673.0,2,21638.4,1.5728796953564033
Respiratory/Oxygen Therapy/Cannulas                                                                                                                                                                                                                            ,19538.0,3,7675.666666666667,1.5454466495852692
Urology/Irrigation/Cysto Sets                                                                                                                                                                                                                                  ,19247.0,2,7564.833333333333,1.544272841437353
Respiratory/Ventilation/Breathing Circuits                                                                                                                                                                                                                     ,1878.0,1,755.3333333333334,1.4863195057369811
Surgical Instruments & Sterilization/Sterilization Supplies/Instrument Protectors                                                                                                                                                                              ,75800.0,4,30714.285714285714,1.4679069767441861
Wound Care/Dressings/Foam Dressings                                                                                                                                                                                                                            ,169713.0,4,68859.75,1.4646183002407067
Respiratory/Asthma Therapy/Spirometers                                                                                                                                                                                                                         ,29922.0,2,12177.166666666666,1.4572218496366152
Physical Therapy/Hot & Cold Therapy/Cold Therapy Units                                                                                                                                                                                                         ,1264.0,3,520.8,1.427035330261137
Exam & Diagnostic Supplies/OB/GYN Examination/Vaginal Specula                                                                                                                                                                                                  ,18204.0,6,7515.2,1.4222908239301681
OR & Surgery Supplies/Radiology Trays/Thoracentesis Trays                                                                                                                                                                                                      ,1769.0,2,735.5,1.4051665533650577
OR & Surgery Supplies/OR Basics/Fluid Management/Suction Tubing                                                                                                                                                                                                ,11339.0,3,4771.833333333333,1.3762355488805842
Physical Therapy/Supports/Maternity                                                                                                                                                                                                                            ,7977.0,2,3402.125,1.3447110261968622
Wound Care/Gauze/Sponges                                                                                                                                                                                                                                       ,18364.0,5,7900.4,1.3244392688977775
Exam & Diagnostic Supplies/Testing Kits/Clinical Chemistry Analyzers                                                                                                                                                                                           ,16000.0,1,7000.0,1.2857142857142858
Surgical Instruments & Sterilization/Surgical Instruments/Curettes                                                                                                                                                                                             ,1460.0,2,640.0,1.28125
OR & Surgery Supplies/Electrosurgery/Smoke Evacuation                                                                                                                                                                                                          ,990.0,2,434.1666666666667,1.2802303262955852
Nutritionals & Feeding/Nutritional Supplements/Protein Supplements                                                                                                                                                                                             ,18687.0,3,8241.75,1.2673582673582673
Body Positioning/Positioners/Head                                                                                                                                                                                                                              ,4328.0,1,1912.5,1.2630065359477125
OR & Surgery Supplies/Anesthesia Systems & Supplies/Pain Management/Continuous Epidural Trays                                                                                                                                                                  ,1157.0,2,515.25,1.245511887433285
Physical Therapy/Supports/Knee                                                                                                                                                                                                                                 ,387.0,1,172.75,1.2402315484804631
Exam & Diagnostic Supplies/Vital Signs Monitoring/Oximetry/Pulse Oximeters                                                                                                                                                                                     ,5897.0,1,2849.75,1.0693043249407843
IV Therapy/Vascular Access Products/IV Fluid Management                                                                                                                                                                                                        ,87528.0,2,42456.25,1.0616045929633446
Wound Care/Bandages/Conforming Bandages                                                                                                                                                                                                                        ,9794.0,2,4780.25,1.048846817635061
Wound Care/Wound Closure/Closure Strips                                                                                                                                                                                                                        ,98419.0,2,48251.0,1.0397297465337505
Surgical Instruments & Sterilization/Sterilization Supplies/Containers & Trays/Accessories                                                                                                                                                                     ,788872.0,1,391262.5,1.0162218459474137
Gloves/Surgical Gloves/Sterile PF LF Neoprene Surgical Gloves                                                                                                                                                                                                  ,9089.0,2,4594.0,0.97845015237266
Nutritionals & Feeding/Enteral Pumps & Sets/Accessories                                                                                                                                                                                                        ,10256.0,1,5247.0,0.9546407470935773
Exam & Diagnostic Supplies/Vital Signs Monitoring/Blood Pressure/Adapters and Connectors                                                                                                                                                                       ,9250.0,1,4750.0,0.9473684210526315
Wound Care/Bandages/Rolled Gauze Bandages                                                                                                                                                                                                                      ,1491.0,3,770.3333333333334,0.9355257464301168
Housekeeping/Chemicals/Disinfectants/Other                                                                                                                                                                                                                     ,74400.0,1,38512.5,0.9318403115871471
Incontinence/Underpads/Disposable                                                                                                                                                                                                                              ,2233500.0,1,1177375.0,0.8970166684361397
Respiratory/Oxygen Therapy/Analyzers                                                                                                                                                                                                                           ,10578.0,1,5607.5,0.8864021399910834
Housekeeping/Chemicals/Disinfectants/Bleach                                                                                                                                                                                                                    ,62100.0,2,33300.5,0.8648368643113467
Nursing Supplies & Patient Care/Infant Care/Pacifiers                                                                                                                                                                                                          ,81813.0,1,43904.5,0.8634308556070562
Surgical Instruments & Sterilization/Surgical Instruments/Knives                                                                                                                                                                                               ,252.0,2,136.0,0.8529411764705882
Body Positioning/Mattresses/Bed Bumpers and Rail Pads                                                                                                                                                                                                          ,465.0,1,255.5,0.8199608610567515
Incontinence/Underwear/Disposable                                                                                                                                                                                                                              ,190010.0,2,109924.5,0.7285500502617706
"Pharmacy/Over the Counter Medication/Cough, Cold & Allergy                                                                                                                                                                                                     ",300.0,1,178.0,0.6853932584269663
Linens/Bedding/Utility Blankets/Thermal Blankets                                                                                                                                                                                                               ,704.0,1,417.75,0.6852184320766008
Incontinence/Briefs/Adult Reusable Briefs                                                                                                                                                                                                                      ,7166.0,1,4280.0,0.6742990654205607
Pharmacy/Medication Aids/Medication Delivery                                                                                                                                                                                                                   ,59859.0,1,35935.5,0.6657344408732312
Pharmacy/Prescription Drugs/Fluid Therapy                                                                                                                                                                                                                      ,80.0,2,53.5,0.4953271028037383
Ostomy/Accessories/Accessories                                                                                                                                                                                                                                 ,380.0,1,270.0,0.4074074074074074
Furniture & Capital Equipment/Charting & Signage/Labels                                                                                                                                                                                                        ,560.0,1,404.5,0.38442521631644005
Nutritionals & Feeding/Feeding Tubes/Extension Sets                                                                                                                                                                                                            ,4584.0,1,3449.0,0.3290808930124674
Nutritionals & Feeding/IV Solutions/Saline                                                                                                                                                                                                                     ,4200.0,1,3212.5,0.30739299610894943
Exam & Diagnostic Supplies/Vital Signs Monitoring/Thermometry/Probe Covers                                                                                                                                                                                     ,9453475.0,2,7324516.666666667,0.2906619549412816
Wound Care/Dressings/Alginate/Absorbent Fiber Dressings                                                                                                                                                                                                        ,198.0,2,164.0,0.2073170731707317
OR & Surgery Supplies/Anesthesia Systems & Supplies/Regional Anesthesia 2/Block Trays                                                                                                                                                                          ,590.0,1,490.0,0.20408163265306123
Exam & Diagnostic Supplies/Endoscopic Devices/Laryngoscopes/Blades                                                                                                                                                                                             ,10114.0,2,8803.333333333334,0.14888299886406656
Body Positioning/Positioners/Wedges                                                                                                                                                                                                                            ,4126.0,1,3615.5,0.14119762135251002
Respiratory/Oxygen Therapy/Tubing                                                                                                                                                                                                                              ,2261.0,1,2012.0,0.12375745526838966
Wound Care/Advanced Wound Care/Transparent Film Dressings                                                                                                                                                                                                      ,20750.0,1,18800.0,0.10372340425531915
Nursing Supplies & Patient Care/Bedside Care/DVT Therapy/Garments                                                                                                                                                                                              ,26440.0,1,24330.5,0.08670187624586424
OR & Surgery Supplies/Anesthesia Systems & Supplies/General Anesthesia/Gas Sampling Lines                                                                                                                                                                      ,1460.0,1,1354.5,0.07788851974898486
Wound Care/Advanced Wound Care/Topical Skin Adhesive                                                                                                                                                                                                           ,84.0,1,78.0,0.07692307692307693
Apparel/Staff Apparel/Shoe Covers                                                                                                                                                                                                                              ,3500.0,2,3250.0,0.07692307692307693
OR & Surgery Supplies/OR Basics/Anti-Fog Kits                                                                                                                                                                                                                  ,1745.0,1,1659.3333333333333,0.051627159501808004
Pharmacy/Prescription Drugs/Respiratory Medications                                                                                                                                                                                                            ,134.0,3,127.875,0.047898338220918865
IV Therapy/IV Cannulas                                                                                                                                                                                                                                         ,186974.0,1,178505.5,0.0474411152597539
IV Therapy/Vascular Access Products/Pressure Monitoring                                                                                                                                                                                                        ,187.0,1,180.0,0.03888888888888889
OR & Surgery Supplies/Sterile Procedure Packs/Universal Packs                                                                                                                                                                                                  ,720.0,1,696.5,0.03374012921751615
Needles & Syringes/Syringes/Insulin                                                                                                                                                                                                                            ,33067.0,1,32223.0,0.026192471216212022
Exam & Diagnostic Supplies/Diagnostic Imaging/Ultrasound Gel                                                                                                                                                                                                   ,88517.0,1,86721.5,0.020704208298980068
Respiratory/Tracheostomy/Tube Holders                                                                                                                                                                                                                          ,20981.0,2,20621.0,0.017457931235148636
Surgical Instruments & Sterilization/Surgical Instruments/Irrigation                                                                                                                                                                                           ,2994.0,1,2972.5,0.007232968881412952
OR & Surgery Supplies/Anesthesia Systems & Supplies/General Anesthesia/Laryngeal Masks                                                                                                                                                                         ,9438.0,1,9378.5,0.006344298128698619
Pharmacy/Pharmacy Supply                                                                                                                                                                                                                                       ,100.0,1,100.0,0.0
Surgical Instruments & Sterilization/Surgical Instruments/Dilators/Uterine Dilators                                                                                                                                                                            ,100.0,1,100.0,0.0
Office Supplies/Maintenance & Breakroom/Food                                                                                                                                                                                                                   ,2160.0,1,2160.0,0.0
Office Supplies/Office Supplies/Writing & Correction Supplies                                                                                                                                                                                                  ,180.0,1,180.0,0.0
OR & Surgery Supplies/OR Basics/Skin Markers                                                                                                                                                                                                                   ,6289.0,1,6291.0,-0.00031791448100460976
OR & Surgery Supplies/OR Basics/Umbilical Cord Clamps                                                                                                                                                                                                          ,336.0,1,342.0,-0.017543859649122806
Exam & Diagnostic Supplies/Endoscopic Devices/Laryngoscopes/Handles                                                                                                                                                                                            ,7058.0,1,7300.5,-0.03321690295185261
Exam & Diagnostic Supplies/Vital Signs Monitoring/EKG/ECG/Leads                                                                                                                                                                                                ,635.0,1,661.0,-0.039334341906202726
Housekeeping/Paper Products/Paper Towels                                                                                                                                                                                                                       ,8872000.0,1,9453125.0,-0.06147438016528926
Wound Care/Advanced Wound Care/Dressing Retention Tape                                                                                                                                                                                                         ,104754.0,1,111679.0,-0.06200807671988467
Exam & Diagnostic Supplies/Vital Signs Monitoring/Thermometry/Probes                                                                                                                                                                                           ,445.0,1,475.0,-0.06315789473684211
IV Therapy/Infusion Pumps                                                                                                                                                                                                                                      ,1507.0,1,1635.0,-0.0782874617737003
Needles & Syringes/Syringes/Tuberculin Syringes                                                                                                                                                                                                                ,27965.0,1,30391.5,-0.07984140302387181
Urology/Drainage/Drainage Meters                                                                                                                                                                                                                               ,209.0,1,228.5,-0.08533916849015317
Apparel/Staff Apparel/Gowns/Surgical Gowns/Disposable Surgical Gowns                                                                                                                                                                                           ,13635.0,1,14930.0,-0.08673811118553248
Patient Safety & Mobility/Shower/Bath/Accessories                                                                                                                                                                                                              ,13739.0,1,15091.5,-0.08961998475963291
Respiratory/Ventilation/HME'S and Filter's                                                                                                                                                                                                                     ,2879.0,1,3187.5,-0.09678431372549019
Urology/Catheters/Intermittent Catheter Trays                                                                                                                                                                                                                  ,556.0,1,621.0,-0.10466988727858294
Respiratory/Asthma Therapy/Nebulizers                                                                                                                                                                                                                          ,16851.0,1,18921.0,-0.10940225146662438
Clinical Lab Supplies/Microscope Supplies/Slide Mailers                                                                                                                                                                                                        ,592.0,2,665.5,-0.11044327573253193
OR & Surgery Supplies/OR Basics/Room Turnover Kits                                                                                                                                                                                                             ,250.0,1,285.0,-0.12280701754385964
Housekeeping/Cleaning Supplies/Mops/Floor Mops                                                                                                                                                                                                                 ,732.0,1,864.0,-0.1527777777777778
OR & Surgery Supplies/Anesthesia Systems & Supplies/Regional Anesthesia 2/Stimulation and Ultrasound Needles                                                                                                                                                   ,290.0,1,345.0,-0.15942028985507245
Nursing Supplies & Patient Care/Bedside Care/Specimen Collection/Specimen Collectors                                                                                                                                                                           ,1149.0,1,1402.0,-0.1804564907275321
Housekeeping/Storage/Storage Bags                                                                                                                                                                                                                              ,54100.0,1,66050.0,-0.1809235427706283
Clinical Lab Supplies/Cassettes/Tissue Cassettes                                                                                                                                                                                                               ,4500.0,7,5500.0,-0.18181818181818182
Nursing Supplies & Patient Care/Hygiene/Skin Care/Lotions                                                                                                                                                                                                      ,724.0,1,887.5,-0.18422535211267604
Furniture & Capital Equipment/OR Equipment/Warming Equipment/Fluid Warmers                                                                                                                                                                                     ,1017.0,1,1281.5,-0.20639875146312914
Pharmacy/Prescription Drugs/Vasoconstrictors                                                                                                                                                                                                                   ,42.0,1,53.0,-0.20754716981132076
IV Therapy/IV Sets/Secondary Sets                                                                                                                                                                                                                              ,46908.0,1,61359.5,-0.23552180183997587
Housekeeping/Chemicals/Cleansers/All Purpose Cleansers                                                                                                                                                                                                         ,140.0,1,190.0,-0.2631578947368421
Nursing Supplies & Patient Care/Hygiene/Shaving/Clippers                                                                                                                                                                                                       ,17669.0,1,24210.5,-0.2701926849920489
Patient Safety & Mobility/Transfer Equipment/Transfer Mats                                                                                                                                                                                                     ,927.0,1,1274.5,-0.27265594350725775
Surgical Instruments & Sterilization/Surgical Instruments/Trocars                                                                                                                                                                                              ,156.0,1,219.0,-0.2876712328767123
Housekeeping/Waste Receptacles/Liners                                                                                                                                                                                                                          ,1550.0,1,2250.0,-0.3111111111111111
Housekeeping/Paper Products/Toilet Paper                                                                                                                                                                                                                       ,2560.0,1,3720.0,-0.3118279569892473
Wound Care/Bandages/Compression Bandages                                                                                                                                                                                                                       ,78.0,1,119.66666666666667,-0.34818941504178275
OR & Surgery Supplies/OR Basics/Fluid Management/Solidifiers                                                                                                                                                                                                   ,1152.0,1,1776.0,-0.35135135135135137
OR & Surgery Supplies/Drapes/Surgical Drapes/Drape Sheets                                                                                                                                                                                                      ,1370.0,1,2457.0,-0.4424094424094424
Respiratory/Oxygen Therapy/Manual Resuscitators                                                                                                                                                                                                                ,533.0,1,969.5,-0.45023207839092316
Surgical Instruments & Sterilization/Surgical Instruments/Endoscopic Devices/Accessories                                                                                                                                                                       ,81.0,1,149.25,-0.457286432160804
Surgical Instruments & Sterilization/Surgical Instruments/Scissors/Ophthalmic Scissors                                                                                                                                                                         ,50.0,1,100.0,-0.5
Apparel/Patient Apparel/Slippers                                                                                                                                                                                                                               ,900.0,3,1811.6666666666667,-0.5032198712051518
Body Positioning/Positioners/Heel/Elbow Protectors                                                                                                                                                                                                             ,2384.0,1,4940.0,-0.5174089068825911
OR & Surgery Supplies/OR Basics/OR Towels                                                                                                                                                                                                                      ,3168.0,1,6696.0,-0.5268817204301075
Patient Safety & Mobility/Transfer Equipment/Belts                                                                                                                                                                                                             ,143.0,1,338.0,-0.5769230769230769
Wound Care/Tapes/Medical Tapes                                                                                                                                                                                                                                 ,7347.0,8,32509.235294117647,-0.7740026815909326
Surgical Instruments & Sterilization/Surgical Instruments/Aspirators                                                                                                                                                                                           ,185.0,1,1345.0,-0.862453531598513
Body Positioning/Cushions/Invalid Rings                                                                                                                                                                                                                        ,63.0,1,568.0,-0.8890845070422535
Nursing Supplies & Patient Care/Infant Care/Breastfeeding & Supplies                                                                                                                                                                                           ,1425.0,1,15965.666666666666,-0.9107459757396079
Apparel/Staff Apparel/Protective Head Covers                                                                                                                                                                                                                   ,0.0,1,229500.0,-1.0
Exam & Diagnostic Supplies/Testing Kits/Drug Testing                                                                                                                                                                                                           ,0.0,1,287.5,-1.0
Respiratory/Asthma Therapy/Nebulizer Accessories                                                                                                                                                                                                               ,0.0,1,120.0,-1.0
Surgical Instruments & Sterilization/Sterilization Supplies/Sterilization Pouches                                                                                                                                                                              ,0.0,1,3733.3333333333335,-1.0
