ProductCategoryCode,Addressable_Revenue,Total_Units_Sold,Conservative_10_Pct,Moderate_25_Pct,Aggressive_50_Pct
Exam & Diagnostic Supplies/Vital Signs Monitoring/Thermometry/Probe Covers                                                                                                                                                                                     ,2068238500.0,41364770.0,206823850.0,517059625.0,1034119250.0
Housekeeping/Paper Products/Paper Towels                                                                                                                                                                                                                       ,1790737500.0,35814750.0,179073750.0,447684375.0,895368750.0
UNKNOWN,834000900.0,16680018.0,83400090.0,208500225.0,417000450.0
OR & Surgery Supplies/Masks & Eyewear/Face Masks                                                                                                                                                                                                               ,793747100.0,15874942.0,79374710.0,198436775.0,396873550.0
Exam & Diagnostic Supplies/Vital Signs Monitoring/EKG/ECG/Electrodes                                                                                                                                                                                           ,764444450.0,15288889.0,76444445.0,191111112.5,382222225.0
Surgical Instruments & Sterilization/Sterilization Supplies/Indicators & Test Packs/Chemical Indicators                                                                                                                                                        ,692115900.0,13842318.0,69211590.0,173028975.0,346057950.0
Needles & Syringes/Syringes/Syringes with Needle                                                                                                                                                                                                               ,627899050.0,12557981.0,62789905.0,156974762.5,313949525.0
Incontinence/Underpads/Disposable                                                                                                                                                                                                                              ,443300000.0,8866000.0,44330000.0,110825000.0,221650000.0
"Clinical Lab Supplies/Blood Collection/Blood Collection Tubes/Plastic, Gel                                                                                                                                                                                     ",244779600.0,4895592.0,24477960.0,61194900.0,122389800.0
Needles & Syringes/Needles/Hypodermic Needles                                                                                                                                                                                                                  ,219396600.0,4387932.0,21939660.0,54849150.0,109698300.0
IV Therapy/IV Accessories                                                                                                                                                                                                                                      ,193013350.0,3860267.0,19301335.0,48253337.5,96506675.0
Surgical Instruments & Sterilization/Sterilization Supplies/Containers & Trays/Accessories                                                                                                                                                                     ,151327600.0,3026552.0,15132760.0,37831900.0,75663800.0
IV Therapy/IV Sets/Primary Sets                                                                                                                                                                                                                                ,128815200.0,2576304.0,12881520.0,32203800.0,64407600.0
Nutritionals & Feeding/Nutritional Supplements/Oral Supplements                                                                                                                                                                                                ,121630650.0,2432613.0,12163065.0,30407662.5,60815325.0
Clinical Lab Supplies/Blood Collection/Blood Collection Sets                                                                                                                                                                                                   ,117972500.0,2359450.0,11797250.0,29493125.0,58986250.0
Office Supplies/Office Supplies/Batteries & Electrical Supplies                                                                                                                                                                                                ,99287900.0,1985758.0,9928790.0,24821975.0,49643950.0
Wound Care/Advanced Wound Care/AWC Skin Protectants                                                                                                                                                                                                            ,80666150.0,1613323.0,8066615.0,20166537.5,40333075.0
Nutritionals & Feeding/Tube Feeding Formulas                                                                                                                                                                                                                   ,66078100.0,1321562.0,6607810.0,16519525.0,33039050.0
OR & Surgery Supplies/OR Basics/Skin Scrub                                                                                                                                                                                                                     ,61184550.0,1223691.0,6118455.0,15296137.5,30592275.0
Wound Care/Bandages/Self-Adherent Bandages                                                                                                                                                                                                                     ,49675850.0,993517.0,4967585.0,12418962.5,24837925.0
IV Therapy/IV Flush Syringes/Heparin                                                                                                                                                                                                                           ,49652300.0,993046.0,4965230.0,12413075.0,24826150.0
Wound Care/Dressings/Non-adherent Dressings                                                                                                                                                                                                                    ,45613100.0,912262.0,4561310.0,11403275.0,22806550.0
Exam & Diagnostic Supplies/Vital Signs Monitoring/Oximetry/Probes                                                                                                                                                                                              ,44118400.0,882368.0,4411840.0,11029600.0,22059200.0
IV Therapy/IV Cannulas                                                                                                                                                                                                                                         ,41468450.0,829369.0,4146845.0,10367112.5,20734225.0
IV Therapy/IV Sets/Extension Sets                                                                                                                                                                                                                              ,38906250.0,778125.0,3890625.0,9726562.5,19453125.0
Exam & Diagnostic Supplies/Vital Signs Monitoring/Blood Pressure/Inflation Systems                                                                                                                                                                             ,36847200.0,736944.0,3684720.0,9211800.0,18423600.0
Wound Care/Dressings/Foam Dressings                                                                                                                                                                                                                            ,36805300.0,736106.0,3680530.0,9201325.0,18402650.0
Nutritionals & Feeding/Feeding Tubes/Accessories/Feeding Syringes                                                                                                                                                                                              ,36537400.0,730748.0,3653740.0,9134350.0,18268700.0
Gloves/Surgical Gloves/Sterile LF Polyisoprene Surgical Gloves                                                                                                                                                                                                 ,30310050.0,606201.0,3031005.0,7577512.5,15155025.0
Nutritionals & Feeding/Infant Formula & Supplies/Formula                                                                                                                                                                                                       ,27689450.0,553789.0,2768945.0,6922362.5,13844725.0
IV Therapy/IV Catheters                                                                                                                                                                                                                                        ,26984050.0,539681.0,2698405.0,6746012.5,13492025.0
Surgical Instruments & Sterilization/Sterilization Supplies/Indicators & Test Packs/Indicator Accessories                                                                                                                                                      ,25064100.0,501282.0,2506410.0,6266025.0,12532050.0
Apparel/Staff Apparel/Gowns/Isolation Gowns                                                                                                                                                                                                                    ,22182550.0,443651.0,2218255.0,5545637.5,11091275.0
Wound Care/Advanced Wound Care/Dressing Retention Tape                                                                                                                                                                                                         ,21672450.0,433449.0,2167245.0,5418112.5,10836225.0
Wound Care/Wound Closure/Closure Strips                                                                                                                                                                                                                        ,21031500.0,420630.0,2103150.0,5257875.0,10515750.0
Housekeeping/Chemicals/Disinfectants/Bleach                                                                                                                                                                                                                    ,20430000.0,408600.0,2043000.0,5107500.0,10215000.0
Exam & Diagnostic Supplies/Diagnostic Imaging/Ultrasound Gel                                                                                                                                                                                                   ,19619250.0,392385.0,1961925.0,4904812.5,9809625.0
Surgical Instruments & Sterilization/Sterilization Supplies/Sterilization Wraps                                                                                                                                                                                ,18158450.0,363169.0,1815845.0,4539612.5,9079225.0
Needles & Syringes/Syringes/Syringes without Needle                                                                                                                                                                                                            ,16970150.0,339403.0,1697015.0,4242537.5,8485075.0
OR & Surgery Supplies/Temperature Management                                                                                                                                                                                                                   ,16684150.0,333683.0,1668415.0,4171037.5,8342075.0
OR & Surgery Supplies/Anesthesia Systems & Supplies/General Anesthesia/Endotracheal Tubes                                                                                                                                                                      ,14643150.0,292863.0,1464315.0,3660787.5,7321575.0
Incontinence/Diapers/Baby & Youth Disposable Diapers                                                                                                                                                                                                           ,13622050.0,272441.0,1362205.0,3405512.5,6811025.0
Housekeeping/Chemicals/Disinfectants/Other                                                                                                                                                                                                                     ,13410000.0,268200.0,1341000.0,3352500.0,6705000.0
Pharmacy/Medication Aids/Medication Delivery                                                                                                                                                                                                                   ,12741600.0,254832.0,1274160.0,3185400.0,6370800.0
Wound Care/Gauze/Impregnated Gauze                                                                                                                                                                                                                             ,12348050.0,246961.0,1234805.0,3087012.5,6174025.0
OR & Surgery Supplies/Surgical Object Detection/X-ray Detectable                                                                                                                                                                                               ,11542000.0,230840.0,1154200.0,2885500.0,5771000.0
IV Therapy/IV Sets/Secondary Sets                                                                                                                                                                                                                              ,11479050.0,229581.0,1147905.0,2869762.5,5739525.0
Nursing Supplies & Patient Care/Infant Care/Pacifiers                                                                                                                                                                                                          ,10641750.0,212835.0,1064175.0,2660437.5,5320875.0
Surgical Instruments & Sterilization/Sterilization Supplies/Indicators & Test Packs/Biological Indicators                                                                                                                                                      ,9418000.0,188360.0,941800.0,2354500.0,4709000.0
"Clinical Lab Supplies/Blood Collection/Blood Collection Tubes/Plastic, Non-Gel                                                                                                                                                                                 ",8932500.0,178650.0,893250.0,2233125.0,4466250.0
Respiratory/Tracheostomy/Solutions                                                                                                                                                                                                                             ,8151800.0,163036.0,815180.0,2037950.0,4075900.0
Clinical Lab Supplies/Blood Collection/Tube Holders                                                                                                                                                                                                            ,7639150.0,152783.0,763915.0,1909787.5,3819575.0
OR & Surgery Supplies/Drapes/Surgical Drapes/Sterile Procedure Drapes/Incise Drapes                                                                                                                                                                            ,7376350.0,147527.0,737635.0,1844087.5,3688175.0
Housekeeping/Storage/Storage Bags                                                                                                                                                                                                                              ,6965000.0,139300.0,696500.0,1741250.0,3482500.0
Exam & Diagnostic Supplies/Vital Signs Monitoring/Oximetry/Accessories                                                                                                                                                                                         ,6895050.0,137901.0,689505.0,1723762.5,3447525.0
Needles & Syringes/Syringes/Insulin                                                                                                                                                                                                                            ,6880850.0,137617.0,688085.0,1720212.5,3440425.0
Respiratory/Asthma Therapy/Spirometers                                                                                                                                                                                                                         ,6546850.0,130937.0,654685.0,1636712.5,3273425.0
Wound Care/Dressings/Transparent Film                                                                                                                                                                                                                          ,6480750.0,129615.0,648075.0,1620187.5,3240375.0
Nursing Supplies & Patient Care/Dialysis                                                                                                                                                                                                                       ,6384450.0,127689.0,638445.0,1596112.5,3192225.0
Needles & Syringes/Syringes/Tuberculin Syringes                                                                                                                                                                                                                ,5905150.0,118103.0,590515.0,1476287.5,2952575.0
Exam & Diagnostic Supplies/Paper Products/Sterile Exam Drapes                                                                                                                                                                                                  ,5531500.0,110630.0,553150.0,1382875.0,2765750.0
Needles & Syringes/Needles/Huber Needles                                                                                                                                                                                                                       ,5510450.0,110209.0,551045.0,1377612.5,2755225.0
Nursing Supplies & Patient Care/Bedside Care/DVT Therapy/Garments                                                                                                                                                                                              ,5371050.0,107421.0,537105.0,1342762.5,2685525.0
Wound Care/Advanced Wound Care/Wound Cleansers                                                                                                                                                                                                                 ,5060050.0,101201.0,506005.0,1265012.5,2530025.0
Exam & Diagnostic Supplies/Vital Signs Monitoring/Fetal Monitoring                                                                                                                                                                                             ,4739300.0,94786.0,473930.0,1184825.0,2369650.0
Nursing Supplies & Patient Care/Hygiene/Shaving/Clippers                                                                                                                                                                                                       ,4499900.0,89998.0,449990.0,1124975.0,2249950.0
Exam & Diagnostic Supplies/General Exam Supplies/Applicators & Swabs                                                                                                                                                                                           ,4462300.0,89246.0,446230.0,1115575.0,2231150.0
Urology/Irrigation/Cysto Sets                                                                                                                                                                                                                                  ,4364750.0,87295.0,436475.0,1091187.5,2182375.0
OR & Surgery Supplies/Drapes/Equipment Drapes                                                                                                                                                                                                                  ,4286650.0,85733.0,428665.0,1071662.5,2143325.0
Incontinence/Underwear/Disposable                                                                                                                                                                                                                              ,4270100.0,85402.0,427010.0,1067525.0,2135050.0
Nutritionals & Feeding/Pediatric Formulas                                                                                                                                                                                                                      ,4231550.0,84631.0,423155.0,1057887.5,2115775.0
Nursing Supplies & Patient Care/Hygiene/Skin Care/Hand Sanitizers                                                                                                                                                                                              ,4088600.0,81772.0,408860.0,1022150.0,2044300.0
Respiratory/Oxygen Therapy/Cannulas                                                                                                                                                                                                                            ,4073300.0,81466.0,407330.0,1018325.0,2036650.0
Wound Care/Gauze/Sponges                                                                                                                                                                                                                                       ,3979850.0,79597.0,397985.0,994962.5,1989925.0
IV Therapy/Vascular Access Products/IV Fluid Management                                                                                                                                                                                                        ,3750300.0,75006.0,375030.0,937575.0,1875150.0
Surgical Instruments & Sterilization/Sterilization Supplies/Instrument Protectors                                                                                                                                                                              ,3685000.0,73700.0,368500.0,921250.0,1842500.0
Exam & Diagnostic Supplies/OB/GYN Examination/Vaginal Specula                                                                                                                                                                                                  ,3599050.0,71981.0,359905.0,899762.5,1799525.0
OR & Surgery Supplies/OR Basics/Fluid Management/Suction Tubing                                                                                                                                                                                                ,3597150.0,71943.0,359715.0,899287.5,1798575.0
Pharmacy/Prescription Drugs/Corticosteroids                                                                                                                                                                                                                    ,3286250.0,65725.0,328625.0,821562.5,1643125.0
Patient Safety & Mobility/Shower/Bath/Accessories                                                                                                                                                                                                              ,3037150.0,60743.0,303715.0,759287.5,1518575.0
IV Therapy/IV Sets/Blood Sets                                                                                                                                                                                                                                  ,2780700.0,55614.0,278070.0,695175.0,1390350.0
Respiratory/Oxygen Therapy/Analyzers                                                                                                                                                                                                                           ,2547750.0,50955.0,254775.0,636937.5,1273875.0
Apparel/Staff Apparel/Gowns/Surgical Gowns/Disposable Surgical Gowns                                                                                                                                                                                           ,2520150.0,50403.0,252015.0,630037.5,1260075.0
Exam & Diagnostic Supplies/Endoscopic Devices/Laryngoscopes/Blades                                                                                                                                                                                             ,2398550.0,47971.0,239855.0,599637.5,1199275.0
Exam & Diagnostic Supplies/Vital Signs Monitoring/Blood Pressure/Adapters and Connectors                                                                                                                                                                       ,2250000.0,45000.0,225000.0,562500.0,1125000.0
Urology/Catheters/Intermittent Catheters                                                                                                                                                                                                                       ,2230450.0,44609.0,223045.0,557612.5,1115225.0
Pharmacy/Over the Counter Medication/Ophthalmic Medications                                                                                                                                                                                                    ,2133150.0,42663.0,213315.0,533287.5,1066575.0
Pharmacy/Prescription Drugs/Anti-Inflammatories                                                                                                                                                                                                                ,2085000.0,41700.0,208500.0,521250.0,1042500.0
Needles & Syringes/Sharps Containers/Sharps Containers                                                                                                                                                                                                         ,2076100.0,41522.0,207610.0,519025.0,1038050.0
Respiratory/Tracheostomy/Tube Holders                                                                                                                                                                                                                          ,1969150.0,39383.0,196915.0,492287.5,984575.0
Wound Care/Bandages/Conforming Bandages                                                                                                                                                                                                                        ,1890650.0,37813.0,189065.0,472662.5,945325.0
Physical Therapy/Supports/Maternity                                                                                                                                                                                                                            ,1841200.0,36824.0,184120.0,460300.0,920600.0
OR & Surgery Supplies/Anesthesia Systems & Supplies/General Anesthesia/Laryngeal Masks                                                                                                                                                                         ,1837100.0,36742.0,183710.0,459275.0,918550.0
Nutritionals & Feeding/Nutritional Supplements/Protein Supplements                                                                                                                                                                                             ,1808200.0,36164.0,180820.0,452050.0,904100.0
Nursing Supplies & Patient Care/Hygiene/Skin Care/Skin Prep Pads                                                                                                                                                                                               ,1773900.0,35478.0,177390.0,443475.0,886950.0
Gloves/Surgical Gloves/Sterile PF LF Neoprene Surgical Gloves                                                                                                                                                                                                  ,1706350.0,34127.0,170635.0,426587.5,853175.0
Respiratory/Asthma Therapy/Nebulizers                                                                                                                                                                                                                          ,1602750.0,32055.0,160275.0,400687.5,801375.0
Housekeeping/Chemicals/Disinfectants/Quaternary                                                                                                                                                                                                                ,1562950.0,31259.0,156295.0,390737.5,781475.0
Wound Care/Tapes/Medical Tapes                                                                                                                                                                                                                                 ,1516750.0,30335.0,151675.0,379187.5,758375.0
Nutritionals & Feeding/Enteral Pumps & Sets/Accessories                                                                                                                                                                                                        ,1478550.0,29571.0,147855.0,369637.5,739275.0
Exam & Diagnostic Supplies/Defibrillation/Pads and Electrodes                                                                                                                                                                                                  ,1461800.0,29236.0,146180.0,365450.0,730900.0
Urology/Securement Devices                                                                                                                                                                                                                                     ,1431950.0,28639.0,143195.0,357987.5,715975.0
Respiratory/Oxygen Therapy/Humidifiers                                                                                                                                                                                                                         ,1391100.0,27822.0,139110.0,347775.0,695550.0
Exam & Diagnostic Supplies/Endoscopic Devices/Laryngoscopes/Handles                                                                                                                                                                                            ,1383700.0,27674.0,138370.0,345925.0,691850.0
OR & Surgery Supplies/OR Basics/OR Towels                                                                                                                                                                                                                      ,1344600.0,26892.0,134460.0,336150.0,672300.0
"Wound Care/Wound Closure/Sutures/Non-absorbable, Needled                                                                                                                                                                                                       ",1261800.0,25236.0,126180.0,315450.0,630900.0
Nutritionals & Feeding/Feeding Tubes/Gastric Sump Tubes                                                                                                                                                                                                        ,1260800.0,25216.0,126080.0,315200.0,630400.0
OR & Surgery Supplies/OR Basics/Skin Markers                                                                                                                                                                                                                   ,1247800.0,24956.0,124780.0,311950.0,623900.0
Urology/Catheters/Foley Catheters                                                                                                                                                                                                                              ,1234800.0,24696.0,123480.0,308700.0,617400.0
Apparel/Staff Apparel/Shoe Covers                                                                                                                                                                                                                              ,1165000.0,23300.0,116500.0,291250.0,582500.0
Exam & Diagnostic Supplies/Vital Signs Monitoring/Oximetry/Pulse Oximeters                                                                                                                                                                                     ,1086650.0,21733.0,108665.0,271662.5,543325.0
OR & Surgery Supplies/OR Basics/Skin Staplers                                                                                                                                                                                                                  ,999550.0,19991.0,99955.0,249887.5,499775.0
OR & Surgery Supplies/Anesthesia Systems & Supplies/General Anesthesia/Orpharyngeal Airways                                                                                                                                                                    ,991600.0,19832.0,99160.0,247900.0,495800.0
Pharmacy/Prescription Drugs/Anesthetics                                                                                                                                                                                                                        ,955800.0,19116.0,95580.0,238950.0,477900.0
Nursing Supplies & Patient Care/Hygiene/Skin Care/Soaps                                                                                                                                                                                                        ,943700.0,18874.0,94370.0,235925.0,471850.0
Respiratory/Tracheostomy/Care Kits                                                                                                                                                                                                                             ,894400.0,17888.0,89440.0,223600.0,447200.0
Incontinence/Briefs/Adult Reusable Briefs                                                                                                                                                                                                                      ,877100.0,17542.0,87710.0,219275.0,438550.0
Surgical Instruments & Sterilization/Surgical Instruments/Endoscopy Needles                                                                                                                                                                                    ,846650.0,16933.0,84665.0,211662.5,423325.0
Nutritionals & Feeding/IV Solutions/Saline                                                                                                                                                                                                                     ,823750.0,16475.0,82375.0,205937.5,411875.0
Apparel/Staff Apparel/Scrubwear/Scrub Pants/Unisex Scrub Pants                                                                                                                                                                                                 ,823200.0,16464.0,82320.0,205800.0,411600.0
Body Positioning/Positioners/Head                                                                                                                                                                                                                              ,798150.0,15963.0,79815.0,199537.5,399075.0
Nursing Supplies & Patient Care/Bedside Care/Specimen Collection/Specimen Containers                                                                                                                                                                           ,776700.0,15534.0,77670.0,194175.0,388350.0
Housekeeping/Paper Products/Toilet Paper                                                                                                                                                                                                                       ,760000.0,15200.0,76000.0,190000.0,380000.0
Wound Care/Dressings/Composite Dressings                                                                                                                                                                                                                       ,714250.0,14285.0,71425.0,178562.5,357125.0
Gloves/Exam Gloves/Nonsterile PF LF Synthetic Exam Gloves/Branded Nonsterile Nitrile Exam Gloves                                                                                                                                                               ,700000.0,14000.0,70000.0,175000.0,350000.0
Office Supplies/Maintenance & Breakroom/Food                                                                                                                                                                                                                   ,678000.0,13560.0,67800.0,169500.0,339000.0
Respiratory/Ventilation/HME'S and Filter's                                                                                                                                                                                                                     ,654500.0,13090.0,65450.0,163625.0,327250.0
Surgical Instruments & Sterilization/Surgical Instruments/Irrigation                                                                                                                                                                                           ,625100.0,12502.0,62510.0,156275.0,312550.0
Wound Care/Advanced Wound Care/Wound Contact Layer                                                                                                                                                                                                             ,574250.0,11485.0,57425.0,143562.5,287125.0
OR & Surgery Supplies/Anesthesia Systems & Supplies/Monitored Anesthesia Care                                                                                                                                                                                  ,554950.0,11099.0,55495.0,138737.5,277475.0
Body Positioning/Positioners/Heel/Elbow Protectors                                                                                                                                                                                                             ,516650.0,10333.0,51665.0,129162.5,258325.0
"Wound Care/Wound Closure/Sutures/Absorbable, Needled                                                                                                                                                                                                           ",489000.0,9780.0,48900.0,122250.0,244500.0
Exam & Diagnostic Supplies/General Exam Supplies/Tongue Depressors                                                                                                                                                                                             ,467500.0,9350.0,46750.0,116875.0,233750.0
Respiratory/Oxygen Therapy/Tubing                                                                                                                                                                                                                              ,465750.0,9315.0,46575.0,116437.5,232875.0
OR & Surgery Supplies/OR Basics/Fluid Management/Canisters                                                                                                                                                                                                     ,462000.0,9240.0,46200.0,115500.0,231000.0
Respiratory/Ventilation/Breathing Circuits                                                                                                                                                                                                                     ,460300.0,9206.0,46030.0,115075.0,230150.0
Exam & Diagnostic Supplies/Vital Signs Monitoring/Stethoscopes/Stethoscopes                                                                                                                                                                                    ,458800.0,9176.0,45880.0,114700.0,229400.0
Housekeeping/Waste Receptacles/Liners                                                                                                                                                                                                                          ,457500.0,9150.0,45750.0,114375.0,228750.0
Respiratory/Suction/Suction Catheters/Open Suction Catheters                                                                                                                                                                                                   ,440500.0,8810.0,44050.0,110125.0,220250.0
Wound Care/Bandages/Rolled Gauze Bandages                                                                                                                                                                                                                      ,421200.0,8424.0,42120.0,105300.0,210600.0
OR & Surgery Supplies/Drapes/Surgical Drapes/Drape Sheets                                                                                                                                                                                                      ,415650.0,8313.0,41565.0,103912.5,207825.0
Wound Care/Advanced Wound Care/Super-Absorbent Foam Dressings                                                                                                                                                                                                  ,404800.0,8096.0,40480.0,101200.0,202400.0
Body Positioning/Positioners/Wedges                                                                                                                                                                                                                            ,374700.0,7494.0,37470.0,93675.0,187350.0
OR & Surgery Supplies/Radiology Trays/Thoracentesis Trays                                                                                                                                                                                                      ,348650.0,6973.0,34865.0,87162.5,174325.0
Exam & Diagnostic Supplies/Vital Signs Monitoring/Recording Paper                                                                                                                                                                                              ,343700.0,6874.0,34370.0,85925.0,171850.0
OR & Surgery Supplies/Anesthesia Systems & Supplies/Pain Management/Single Shot Epidural Trays                                                                                                                                                                 ,339050.0,6781.0,33905.0,84762.5,169525.0
Wound Care/Casts/Undercast Padding                                                                                                                                                                                                                             ,313900.0,6278.0,31390.0,78475.0,156950.0
OR & Surgery Supplies/OR Basics/Fluid Management/Solidifiers                                                                                                                                                                                                   ,302400.0,6048.0,30240.0,75600.0,151200.0
Physical Therapy/Hot & Cold Therapy/Cold Therapy Units                                                                                                                                                                                                         ,278050.0,5561.0,27805.0,69512.5,139025.0
Surgical Instruments & Sterilization/Surgical Instruments/Ligation                                                                                                                                                                                             ,275100.0,5502.0,27510.0,68775.0,137550.0
Pharmacy/Prescription Drugs/Anticoagulants                                                                                                                                                                                                                     ,272400.0,5448.0,27240.0,68100.0,136200.0
OR & Surgery Supplies/Anesthesia Systems & Supplies/General Anesthesia/Gas Sampling Lines                                                                                                                                                                      ,269950.0,5399.0,26995.0,67487.5,134975.0
Surgical Instruments & Sterilization/Surgical Instruments/Curettes                                                                                                                                                                                             ,256750.0,5135.0,25675.0,64187.5,128375.0
Surgical Instruments & Sterilization/Sterilization Supplies/Chemicals/Presoak                                                                                                                                                                                  ,253750.0,5075.0,25375.0,63437.5,126875.0
Housekeeping/Cleaning Supplies/Mops/Floor Mops                                                                                                                                                                                                                 ,253200.0,5064.0,25320.0,63300.0,126600.0
Furniture & Capital Equipment/OR Equipment/Warming Equipment/Fluid Warmers                                                                                                                                                                                     ,229950.0,4599.0,22995.0,57487.5,114975.0
Nursing Supplies & Patient Care/Hygiene/Skin Care/Skin Protectants/Ointments                                                                                                                                                                                   ,228000.0,4560.0,22800.0,57000.0,114000.0
Wound Care/Casts/Casting Material                                                                                                                                                                                                                              ,226700.0,4534.0,22670.0,56675.0,113350.0
OR & Surgery Supplies/Anesthesia Systems & Supplies/Pain Management/Continuous Epidural Trays                                                                                                                                                                  ,218950.0,4379.0,21895.0,54737.5,109475.0
Linens/Bedding/Utility Blankets/Thermal Blankets                                                                                                                                                                                                               ,199950.0,3999.0,19995.0,49987.5,99975.0
OR & Surgery Supplies/Anesthesia Systems & Supplies/Diagnostic Trays/Lumbar Puncture Trays                                                                                                                                                                     ,199400.0,3988.0,19940.0,49850.0,99700.0
Apparel/Patient Apparel/Slippers                                                                                                                                                                                                                               ,195000.0,3900.0,19500.0,48750.0,97500.0
Surgical Instruments & Sterilization/Sterilization Supplies/Chemicals/Detergents                                                                                                                                                                               ,184350.0,3687.0,18435.0,46087.5,92175.0
OR & Surgery Supplies/Sterile Procedure Packs/Central Line Packs                                                                                                                                                                                               ,172200.0,3444.0,17220.0,43050.0,86100.0
Needles & Syringes/Syringes/Hypodermic Syringes                                                                                                                                                                                                                ,165000.0,3300.0,16500.0,41250.0,82500.0
Nursing Supplies & Patient Care/Hygiene/Skin Care/Lotions                                                                                                                                                                                                      ,152300.0,3046.0,15230.0,38075.0,76150.0
Wound Care/Wound Closure/Sutures/Suture Accessories                                                                                                                                                                                                            ,151800.0,3036.0,15180.0,37950.0,75900.0
Pharmacy/Prescription Drugs/Antihistamines                                                                                                                                                                                                                     ,141250.0,2825.0,14125.0,35312.5,70625.0
OR & Surgery Supplies/Sterile Procedure Packs/Universal Packs                                                                                                                                                                                                  ,132550.0,2651.0,13255.0,33137.5,66275.0
Exam & Diagnostic Supplies/Vital Signs Monitoring/Thermometry/Thermometers                                                                                                                                                                                     ,121550.0,2431.0,12155.0,30387.5,60775.0
Respiratory/Oxygen Therapy/Manual Resuscitators                                                                                                                                                                                                                ,120250.0,2405.0,12025.0,30062.5,60125.0
OR & Surgery Supplies/Anesthesia Systems & Supplies/Regional Anesthesia 2/Block Trays                                                                                                                                                                          ,119500.0,2390.0,11950.0,29875.0,59750.0
Nursing Supplies & Patient Care/Bedside Care/Specimen Collection/Specimen Collectors                                                                                                                                                                           ,118950.0,2379.0,11895.0,29737.5,59475.0
Pharmacy/Prescription Drugs/Antibiotics                                                                                                                                                                                                                        ,103400.0,2068.0,10340.0,25850.0,51700.0
Body Positioning/Mattresses/Bed Bumpers and Rail Pads                                                                                                                                                                                                          ,102500.0,2050.0,10250.0,25625.0,51250.0
Needles & Syringes/Needles/Epidural Needles                                                                                                                                                                                                                    ,98000.0,1960.0,9800.0,24500.0,49000.0
OR & Surgery Supplies/Anesthesia Systems & Supplies/Regional Anesthesia 2/Stimulation and Ultrasound Needles                                                                                                                                                   ,96100.0,1922.0,9610.0,24025.0,48050.0
OR & Surgery Supplies/OR Basics/Anti-Fog Kits                                                                                                                                                                                                                  ,87250.0,1745.0,8725.0,21812.5,43625.0
Exam & Diagnostic Supplies/Vital Signs Monitoring/Thermometry/Probes                                                                                                                                                                                           ,78600.0,1572.0,7860.0,19650.0,39300.0
IV Therapy/Infusion Pumps                                                                                                                                                                                                                                      ,75350.0,1507.0,7535.0,18837.5,37675.0
Exam & Diagnostic Supplies/Endoscopic Devices/Eye and Ear/Specula/Specula                                                                                                                                                                                      ,75000.0,1500.0,7500.0,18750.0,37500.0
OR & Surgery Supplies/OR Basics/Room Turnover Kits                                                                                                                                                                                                             ,73500.0,1470.0,7350.0,18375.0,36750.0
Physical Therapy/Supports/Knee                                                                                                                                                                                                                                 ,72000.0,1440.0,7200.0,18000.0,36000.0
OR & Surgery Supplies/Cath Lab/Cardiac Catheters                                                                                                                                                                                                               ,69950.0,1399.0,6995.0,17487.5,34975.0
Respiratory/Tracheostomy/Tracheal Airways                                                                                                                                                                                                                      ,63950.0,1279.0,6395.0,15987.5,31975.0
Surgical Instruments & Sterilization/Sterilization Supplies/Dust Covers                                                                                                                                                                                        ,62500.0,1250.0,6250.0,15625.0,31250.0
Nutritionals & Feeding/Feeding Tubes/Levin Stomach Tubes                                                                                                                                                                                                       ,59650.0,1193.0,5965.0,14912.5,29825.0
Urology/Catheters/Intermittent Catheter Trays                                                                                                                                                                                                                  ,57400.0,1148.0,5740.0,14350.0,28700.0
"Pharmacy/Over the Counter Medication/Cough, Cold & Allergy                                                                                                                                                                                                     ",47400.0,948.0,4740.0,11850.0,23700.0
Patient Safety & Mobility/Transfer Equipment/Transfer Mats                                                                                                                                                                                                     ,46350.0,927.0,4635.0,11587.5,23175.0
Patient Safety & Mobility/Transfer Equipment/Belts                                                                                                                                                                                                             ,41200.0,824.0,4120.0,10300.0,20600.0
Surgical Instruments & Sterilization/Surgical Instruments/Trocars                                                                                                                                                                                              ,40200.0,804.0,4020.0,10050.0,20100.0
Apparel/Staff Apparel/Scrubwear/Scrub Jackets                                                                                                                                                                                                                  ,37650.0,753.0,3765.0,9412.5,18825.0
OR & Surgery Supplies/Electrosurgery/Pencils                                                                                                                                                                                                                   ,35300.0,706.0,3530.0,8825.0,17650.0
Housekeeping/Chemicals/Cleansers/All Purpose Cleansers                                                                                                                                                                                                         ,35000.0,700.0,3500.0,8750.0,17500.0
Pharmacy/Prescription Drugs/Cardiac Medications                                                                                                                                                                                                                ,34500.0,690.0,3450.0,8625.0,17250.0
Pharmacy/Prescription Drugs/Respiratory Medications                                                                                                                                                                                                            ,30000.0,600.0,3000.0,7500.0,15000.0
Surgical Instruments & Sterilization/Surgical Instruments/Endoscopic Devices/Hysteroscopes                                                                                                                                                                     ,29100.0,582.0,2910.0,7275.0,14550.0
Physical Therapy/Supports/Ankle                                                                                                                                                                                                                                ,26200.0,524.0,2620.0,6550.0,13100.0
Wound Care/Advanced Wound Care/Collagen Dressings                                                                                                                                                                                                              ,25250.0,505.0,2525.0,6312.5,12625.0
Wound Care/Gauze/Packing Strips                                                                                                                                                                                                                                ,25000.0,500.0,2500.0,6250.0,12500.0
Wound Care/Dressings/Alginate/Absorbent Fiber Dressings                                                                                                                                                                                                        ,24000.0,480.0,2400.0,6000.0,12000.0
Nursing Supplies & Patient Care/Hygiene/Skin Care/Deodorant                                                                                                                                                                                                    ,24000.0,480.0,2400.0,6000.0,12000.0
Pharmacy/Prescription Drugs/Miscellaneous                                                                                                                                                                                                                      ,22750.0,455.0,2275.0,5687.5,11375.0
Surgical Instruments & Sterilization/Surgical Instruments/Eye Drills                                                                                                                                                                                           ,22500.0,450.0,2250.0,5625.0,11250.0
Pharmacy/Prescription Drugs/Radiographic Medications                                                                                                                                                                                                           ,18600.0,372.0,1860.0,4650.0,9300.0
Respiratory/Asthma Therapy/Nebulizer Accessories                                                                                                                                                                                                               ,18000.0,360.0,1800.0,4500.0,9000.0
Body Positioning/Cushions/Invalid Rings                                                                                                                                                                                                                        ,17600.0,352.0,1760.0,4400.0,8800.0
Surgical Instruments & Sterilization/Surgical Instruments/Dilators/Uterine Dilators                                                                                                                                                                            ,17500.0,350.0,1750.0,4375.0,8750.0
Nursing Supplies & Patient Care/Hygiene/Skin Care/Dispensers                                                                                                                                                                                                   ,16600.0,332.0,1660.0,4150.0,8300.0
Wound Care/Bandages/Compression Bandages                                                                                                                                                                                                                       ,15050.0,301.0,1505.0,3762.5,7525.0
Wound Care/Advanced Wound Care/Topical Skin Adhesive                                                                                                                                                                                                           ,15000.0,300.0,1500.0,3750.0,7500.0
Pharmacy/Pharmacy Supply                                                                                                                                                                                                                                       ,15000.0,300.0,1500.0,3750.0,7500.0
Surgical Instruments & Sterilization/Sterilization Supplies/Chemicals/Disinfectants                                                                                                                                                                            ,14100.0,282.0,1410.0,3525.0,7050.0
OR & Surgery Supplies/Stockinettes                                                                                                                                                                                                                             ,12500.0,250.0,1250.0,3125.0,6250.0
Surgical Instruments & Sterilization/Surgical Instruments/Nail Nippers & Splitters                                                                                                                                                                             ,11450.0,229.0,1145.0,2862.5,5725.0
OR & Surgery Supplies/OR Basics/Ventilation Tubes                                                                                                                                                                                                              ,11050.0,221.0,1105.0,2762.5,5525.0
Respiratory/Asthma Therapy/Medication Delivery                                                                                                                                                                                                                 ,10000.0,200.0,1000.0,2500.0,5000.0
OR & Surgery Supplies/Sterile Procedure Packs/Ophthalmic Packs                                                                                                                                                                                                 ,9200.0,184.0,920.0,2300.0,4600.0
Apparel/Staff Apparel/Lab Coats/Barrier Lab Coats                                                                                                                                                                                                              ,8750.0,175.0,875.0,2187.5,4375.0
OR & Surgery Supplies/Electrosurgery/Electrodes                                                                                                                                                                                                                ,7000.0,140.0,700.0,1750.0,3500.0
Incontinence/Wipes/Wet Wipes                                                                                                                                                                                                                                   ,6650.0,133.0,665.0,1662.5,3325.0
Pharmacy/Prescription Drugs/Diuretics                                                                                                                                                                                                                          ,6250.0,125.0,625.0,1562.5,3125.0
Wound Care/Advanced Wound Care/Honey Dressings                                                                                                                                                                                                                 ,6000.0,120.0,600.0,1500.0,3000.0
"Pharmacy/Over the Counter Medication/Lotions, Creams & Ointments                                                                                                                                                                                               ",5850.0,117.0,585.0,1462.5,2925.0
Wound Care/Bandages/Tubular Bandages                                                                                                                                                                                                                           ,4750.0,95.0,475.0,1187.5,2375.0
OR & Surgery Supplies/Closed Wound Drainage/Round Drains                                                                                                                                                                                                       ,4500.0,90.0,450.0,1125.0,2250.0
Wound Care/Advanced Wound Care/Hydrogel Dressings                                                                                                                                                                                                              ,4200.0,84.0,420.0,1050.0,2100.0
Nursing Supplies & Patient Care/Hygiene/Skin Care/Cleansers                                                                                                                                                                                                    ,3600.0,72.0,360.0,900.0,1800.0
Urology/Catheters/Foley Catheter Insertion Trays                                                                                                                                                                                                               ,2800.0,56.0,280.0,700.0,1400.0
Surgical Instruments & Sterilization/Surgical Instruments/Endoscopic Devices/Accessories                                                                                                                                                                       ,2500.0,50.0,250.0,625.0,1250.0
Wound Care/Dressings/Gel Dressings/Gel                                                                                                                                                                                                                         ,2400.0,48.0,240.0,600.0,1200.0
Exam & Diagnostic Supplies/Vital Signs Monitoring/Blood Pressure/Accessories                                                                                                                                                                                   ,2150.0,43.0,215.0,537.5,1075.0
Exam & Diagnostic Supplies/Defibrillation/AED Machines                                                                                                                                                                                                         ,2000.0,40.0,200.0,500.0,1000.0
Surgical Instruments & Sterilization/Surgical Instruments/Punches/Biopsy Punches                                                                                                                                                                               ,2000.0,40.0,200.0,500.0,1000.0
Pharmacy/Prescription Drugs/Antiemetics                                                                                                                                                                                                                        ,1450.0,29.0,145.0,362.5,725.0
Surgical Instruments & Sterilization/Surgical Instruments/Forceps/Grasping Forceps                                                                                                                                                                             ,1350.0,27.0,135.0,337.5,675.0
Pharmacy/Prescription Drugs/Supplements                                                                                                                                                                                                                        ,1250.0,25.0,125.0,312.5,625.0
Surgical Instruments & Sterilization/Surgical Instruments/Scissors/Bandage Scissors                                                                                                                                                                            ,1250.0,25.0,125.0,312.5,625.0
Exam & Diagnostic Supplies/Vital Signs Monitoring/Blood Pressure/Hand Held Aneroids                                                                                                                                                                            ,1200.0,24.0,120.0,300.0,600.0
Pharmacy/Prescription Drugs/Oncology Medications                                                                                                                                                                                                               ,1150.0,23.0,115.0,287.5,575.0
Respiratory/Suction/Aspirators                                                                                                                                                                                                                                 ,1100.0,22.0,110.0,275.0,550.0
OR & Surgery Supplies/Anesthesia Systems & Supplies/Regional Anesthesia 2/Spinal Needles II                                                                                                                                                                    ,1000.0,20.0,100.0,250.0,500.0
Respiratory/Aerosol Therapy/Masks                                                                                                                                                                                                                              ,1000.0,20.0,100.0,250.0,500.0
Housekeeping/Chemicals/Floor Care/Floor Cleansers                                                                                                                                                                                                              ,900.0,18.0,90.0,225.0,450.0
Urology/Drainage/Drainage Bags                                                                                                                                                                                                                                 ,850.0,17.0,85.0,212.5,425.0
Patient Safety & Mobility/Lifts/Lifts                                                                                                                                                                                                                          ,800.0,16.0,80.0,200.0,400.0
Exam & Diagnostic Supplies/Vital Signs Monitoring/Blood Pressure/Digital Monitors                                                                                                                                                                              ,600.0,12.0,60.0,150.0,300.0
Exam & Diagnostic Supplies/Vital Signs Monitoring/Dopplers/Dopplers                                                                                                                                                                                            ,500.0,10.0,50.0,125.0,250.0
Respiratory/Suction/Accessories                                                                                                                                                                                                                                ,350.0,7.0,35.0,87.5,175.0
Surgical Instruments & Sterilization/Surgical Instruments/Scissors/Operating Room Scissors                                                                                                                                                                     ,300.0,6.0,30.0,75.0,150.0
Exam & Diagnostic Supplies/Vital Signs Monitoring/Blood Pressure/Bulbs and Valves/Bulbs                                                                                                                                                                        ,250.0,5.0,25.0,62.5,125.0
Surgical Instruments & Sterilization/Surgical Instruments/Spreaders/Cast Spreaders                                                                                                                                                                             ,100.0,2.0,10.0,25.0,50.0
Nursing Supplies & Patient Care/Education & Training                                                                                                                                                                                                           ,100.0,2.0,10.0,25.0,50.0
Apparel/Staff Apparel/Protective Head Covers                                                                                                                                                                                                                   ,0.0,0.0,0.0,0.0,0.0
Surgical Instruments & Sterilization/Sterilization Supplies/Sterilization Pouches                                                                                                                                                                              ,0.0,0.0,0.0,0.0,0.0
Exam & Diagnostic Supplies/Blood Cholesterol/Control Solutions                                                                                                                                                                                                 ,0.0,0.0,0.0,0.0,0.0
Wound Care/Advanced Wound Care/Hydrocolloids                                                                                                                                                                                                                   ,0.0,0.0,0.0,0.0,0.0
